Tipo,Entidad,Agencia,Sep2025,Mar2026,Indicator_Mar26,Proj_Sep2026,Indicator_Sep26
Banco,AGROBANCO,Apoyo y Asociados Internacionales,B+,B+,,B+,
Banco,ALFIN BANCO,JCR Latino America,B+,A-,↑,A-,↑
Banco,ALFIN BANCO,PCR (Pacific Credit Rating),B+,B+,,B+,
Seguros,AuguStar Seguros,Apoyo y Asociados Internacionales,A-,A-,,A-,
Seguros,AuguStar Seguros,PCR (Pacific Credit Rating),A-,A-,,A-,
Seguros,AVLA Perú,JCR Latino America,A,A,,A,
Seguros,AVLA Perú,PCR (Pacific Credit Rating),A,A,,A,
Banco,BANBIF,Moodys Local PE Clasificadora de Riesgo,A,A,,A,
Banco,BANBIF,PCR (Pacific Credit Rating),A+,A+,,A+,
Banco,BANCO BCI,Apoyo y Asociados Internacionales,A,A,,A,
Banco,BANCO BCI,Moodys Local PE Clasificadora de Riesgo,A,A,,A,
Banco,BANCO DE CREDITO,Apoyo y Asociados Internacionales,A+,A+,,A+,
Banco,BANCO DE CREDITO,Moodys Local PE Clasificadora de Riesgo,A+,A+,,A+,
Banco,BANCO DE CREDITO,PCR (Pacific Credit Rating),,A+,,A+,
Banco,BANCO EFECTIVA,JCR Latino America,A,A,,A,
Banco,BANCO EFECTIVA,Moodys Local PE Clasificadora de Riesgo,A-,A-,,A-,
Banco,BANCO EFECTIVA,PCR (Pacific Credit Rating),A-,A-,,A-,
Banco,BANCO FALABELLA,Apoyo y Asociados Internacionales,A-,A,↑,A+,↑
Banco,BANCO FALABELLA,Moodys Local PE Clasificadora de Riesgo,A-,A-,,A-,
Banco,BANCO GNB,Moodys Local PE Clasificadora de Riesgo,A,A,,A,
Banco,BANCO GNB,PCR (Pacific Credit Rating),A,A,,A,
Banco,BANCO PICHINCHA,Apoyo y Asociados Internacionales,A-,A-,,A-,
Banco,BANCO PICHINCHA,Moodys Local PE Clasificadora de Riesgo,A-,A-,,A-,
Banco,BANCO RIPLEY,Moodys Local PE Clasificadora de Riesgo,B+,B+,,B+,
Banco,BANCO RIPLEY,PCR (Pacific Credit Rating),B+,B+,,B+,
Banco,BANCOM,Moodys Local PE Clasificadora de Riesgo,B+,B+,,B+,
Banco,BANCOM,PCR (Pacific Credit Rating),B+,B+,,B+,
Banco,BANK OF CHINA (PERU),Apoyo y Asociados Internacionales,,A+,,A+,
Banco,BANK OF CHINA (PERU),Moodys Local PE Clasificadora de Riesgo,A,A,,A,
Banco,BANK OF CHINA (PERU),PCR (Pacific Credit Rating),A,A,,A,
Banco,BBVA,Apoyo y Asociados Internacionales,A+,A+,,A+,
Banco,BBVA,Moodys Local PE Clasificadora de Riesgo,A+,A+,,A+,
Banco,BN. SANTANDER CONS.,Apoyo y Asociados Internacionales,A,A,,A,
Banco,BN. SANTANDER CONS.,Moodys Local PE Clasificadora de Riesgo,A,A,,A,
Seguros,BNP Paribas Cardif,Moodys Local PE Clasificadora de Riesgo,A,A,,A,
Seguros,BNP Paribas Cardif,PCR (Pacific Credit Rating),A+,A+,,A+,
Cooperativa de Ahorro y Crédito - Nivel 3,CENTRAL  SOLIDEZ,JCR Latino America,,C-,,C-,
Cooperativa de Ahorro y Crédito - Nivel 3,CENTRAL CIDERURAL,JCR Latino America,,C,,C,
Seguros,Cesce,Moodys Local PE Clasificadora de Riesgo,A,A,,A,
Seguros,Cesce,PCR (Pacific Credit Rating),A,A,,A,
Seguros,Chubb Perú,Moodys Local PE Clasificadora de Riesgo,A,A,,A,
Seguros,Chubb Perú,PCR (Pacific Credit Rating),A,A,,A,
Banco,CITIBANK DEL PERU,Apoyo y Asociados Internacionales,A+,A+,,A+,
Banco,CITIBANK DEL PERU,PCR (Pacific Credit Rating),A+,A+,,A+,
Caja Municipal de Ahorro y Crédito,CMAC AREQUIPA,JCR Latino America,A-,A-,,A-,
Caja Municipal de Ahorro y Crédito,CMAC AREQUIPA,PCR (Pacific Credit Rating),A-,A-,,A-,
Caja Municipal de Ahorro y Crédito,CMAC CUSCO,Apoyo y Asociados Internacionales,B+,A-,↑,A-,↑
Caja Municipal de Ahorro y Crédito,CMAC CUSCO,JCR Latino America,A-,A-,,A-,
Caja Municipal de Ahorro y Crédito,CMAC CUSCO,Moodys Local PE Clasificadora de Riesgo,B+,RET,↓,RET,↓
Caja Municipal de Ahorro y Crédito,CMAC CUSCO,PCR (Pacific Credit Rating),,A-,,A-,
Caja Municipal de Ahorro y Crédito,CMAC DEL SANTA,Apoyo y Asociados Internacionales,C-,C-,,C-,
Caja Municipal de Ahorro y Crédito,CMAC DEL SANTA,Microrate,D+,D+,,D+,
Caja Municipal de Ahorro y Crédito,CMAC HUANCAYO,JCR Latino America,A-,A-,,A-,
Caja Municipal de Ahorro y Crédito,CMAC HUANCAYO,Moodys Local PE Clasificadora de Riesgo,B+,B+,,B+,
Caja Municipal de Ahorro y Crédito,CMAC HUANCAYO,PCR (Pacific Credit Rating),A-,A-,,A-,
Caja Municipal de Ahorro y Crédito,CMAC ICA,JCR Latino America,B,B+,↑,A-,↑
Caja Municipal de Ahorro y Crédito,CMAC ICA,PCR (Pacific Credit Rating),B,B+,↑,A-,↑
Caja Municipal de Ahorro y Crédito,CMAC MAYNAS,Apoyo y Asociados Internacionales,B-,B-,,B-,
Caja Municipal de Ahorro y Crédito,CMAC MAYNAS,Moodys Local PE Clasificadora de Riesgo,B-,B-,,B-,
Caja Municipal de Ahorro y Crédito,CMAC PAITA,Apoyo y Asociados Internacionales,C,C,,C,
Caja Municipal de Ahorro y Crédito,CMAC PAITA,Microrate,C,C,,C,
Caja Municipal de Ahorro y Crédito,CMAC PIURA,Microrate,B,B,,B,
Caja Municipal de Ahorro y Crédito,CMAC PIURA,Moodys Local PE Clasificadora de Riesgo,B,B,,B,
Caja Municipal de Ahorro y Crédito,CMAC TACNA,JCR Latino America,C,C,,C,
Caja Municipal de Ahorro y Crédito,CMAC TACNA,Moodys Local PE Clasificadora de Riesgo,C,C,,C,
Caja Municipal de Ahorro y Crédito,CMAC TRUJILLO,Apoyo y Asociados Internacionales,B+,B+,,B+,
Caja Municipal de Ahorro y Crédito,CMAC TRUJILLO,Moodys Local PE Clasificadora de Riesgo,B+,B+,,B+,
Caja Municipal de Ahorro y Crédito,CMCP LIMA,JCR Latino America,C+,C+,,C+,
Caja Municipal de Ahorro y Crédito,CMCP LIMA,Microrate,C+,C+,,C+,
Banco,COFIDE,Apoyo y Asociados Internacionales,A,A,,A,
Banco,COFIDE,Moodys Local PE Clasificadora de Riesgo,A,A,,A,
Banco,COMPARTAMOS BANCO,Apoyo y Asociados Internacionales,A-,A,↑,A+,↑
Banco,COMPARTAMOS BANCO,JCR Latino America,A,A,,A,
Banco,COMPARTAMOS BANCO,Moodys Local PE Clasificadora de Riesgo,A-,A-,,A-,
Caja Rural de Ahorro y Crédito,CRAC CENCOSUD SCOTIA,Apoyo y Asociados Internacionales,A-,A-,,A-,
Caja Rural de Ahorro y Crédito,CRAC CENCOSUD SCOTIA,Moodys Local PE Clasificadora de Riesgo,A-,A-,,A-,
Caja Rural de Ahorro y Crédito,CRAC DEL CENTRO,JCR Latino America,D+,D+,,D+,
Caja Rural de Ahorro y Crédito,CRAC DEL CENTRO,PCR (Pacific Credit Rating),C-,D,↓,D,↓
Caja Rural de Ahorro y Crédito,CRAC INCASUR,Apoyo y Asociados Internacionales,C-,C-,,C-,
Caja Rural de Ahorro y Crédito,CRAC INCASUR,Moodys Local PE Clasificadora de Riesgo,C-,C-,,C-,
Caja Rural de Ahorro y Crédito,CRAC LOS ANDES,JCR Latino America,B-,B-,,B-,
Caja Rural de Ahorro y Crédito,CRAC LOS ANDES,Microrate,C+,C+,,C+,
Caja Rural de Ahorro y Crédito,CRAC PRYMERA,Apoyo y Asociados Internacionales,C,C,,C,
Caja Rural de Ahorro y Crédito,CRAC PRYMERA,JCR Latino America,C,C,,C,
Seguros,Crecer Seguros,Moodys Local PE Clasificadora de Riesgo,A-,A-,,A-,
Seguros,Crecer Seguros,PCR (Pacific Credit Rating),A-,A,↑,A+,↑
Cooperativa de Ahorro y Crédito - Nivel 2 B,EFIDE,JCR Latino America,,B,,B,
Empresa de Créditos,EMP.CRED.SANTANDER,Apoyo y Asociados Internacionales,A,A,,A,
Empresa de Créditos,EMP.CRED.SANTANDER,Moodys Local PE Clasificadora de Riesgo,A-,A-,,A-,
Empresa de Créditos,EMP.CRED.VIVELA,PCR (Pacific Credit Rating),B+,B+,,B+,
Financiera,FINANC. PROEMPRESA,Apoyo y Asociados Internacionales,C,C,,C,
Financiera,FINANC. PROEMPRESA,Moodys Local PE Clasificadora de Riesgo,C,C,,C,
Financiera,FINANCIERA CONFIANZA,Apoyo y Asociados Internacionales,A-,A-,,A-,
Financiera,FINANCIERA CONFIANZA,Moodys Local PE Clasificadora de Riesgo,A-,A-,,A-,
Financiera,FINANCIERA QAPAQ,Apoyo y Asociados Internacionales,,C+,,C+,
Financiera,FINANCIERA QAPAQ,Moodys Local PE Clasificadora de Riesgo,C,C,,C,
Financiera,FINANCIERA QAPAQ,PCR (Pacific Credit Rating),C,C,,C,
Financiera,FINANCIERA SURGIR,Apoyo y Asociados Internacionales,A-,A-,,A-,
Financiera,FINANCIERA SURGIR,Moodys Local PE Clasificadora de Riesgo,A-,A-,,A-,
Afianzadora y de Garantías,FOGAPI,PCR (Pacific Credit Rating),A,A,,A,
Fondo,FONDO MIVIVIENDA,Apoyo y Asociados Internacionales,A,A,,A,
Fondo,FONDO MIVIVIENDA,Moodys Local PE Clasificadora de Riesgo,A,A,,A,
Banco,ICBC PERU BANK S.A.,Apoyo y Asociados Internacionales,,A+,,A+,
Banco,ICBC PERU BANK S.A.,Moodys Local PE Clasificadora de Riesgo,A,A,,A,
Banco,ICBC PERU BANK S.A.,PCR (Pacific Credit Rating),A,A,,A,
Financiera,INFINANCE XP S.A.,Apoyo y Asociados Internacionales,A-,A-,,A-,
Financiera,INFINANCE XP S.A.,Moodys Local PE Clasificadora de Riesgo,A-,A-,,A-,
Seguros,Insur,Moodys Local PE Clasificadora de Riesgo,A,A,,A,
Seguros,Insur,PCR (Pacific Credit Rating),A,A,,A,
Banco,INTERBANK,Apoyo y Asociados Internacionales,A,A+,↑,A+,↑
Banco,INTERBANK,Moodys Local PE Clasificadora de Riesgo,A+,A+,,A+,
Seguros,Interseguro,Moodys Local PE Clasificadora de Riesgo,A+,A+,,A+,
Seguros,Interseguro,PCR (Pacific Credit Rating),A+,A+,,A+,
Cooperativa de Ahorro y Crédito - Nivel 2 B,KORI,Microrate,,C+,,C+,
Seguros,La Positiva,Apoyo y Asociados Internacionales,A,A,,A,
Seguros,La Positiva,Moodys Local PE Clasificadora de Riesgo,A,A,,A,
Seguros,La Positiva Vida,Apoyo y Asociados Internacionales,A,A,,A,
Seguros,La Positiva Vida,Moodys Local PE Clasificadora de Riesgo,A,A,,A,
Seguros,Liberty Seguros,Apoyo y Asociados Internacionales,A,A,,A,
Seguros,Liberty Seguros,Moodys Local PE Clasificadora de Riesgo,A,A,,A,
Cooperativa de Ahorro y Crédito - Nivel 3,LOS ANDES COTARUSI,JCR Latino America,,B-,,B-,
Seguros,Mapfre Perú,Moodys Local PE Clasificadora de Riesgo,A+,A+,,A+,
Seguros,Mapfre Perú,PCR (Pacific Credit Rating),A+,A+,,A+,
Banco,MIBANCO,Apoyo y Asociados Internacionales,A,A,,A,
Banco,MIBANCO,Moodys Local PE Clasificadora de Riesgo,A,A,,A,
Financiera,MITSUI AUTO FINANCE,Apoyo y Asociados Internacionales,A,A,,A,
Financiera,MITSUI AUTO FINANCE,Moodys Local PE Clasificadora de Riesgo,A-,A-,,A-,
Banco,NACION,Apoyo y Asociados Internacionales,A,A,,A,
Banco,NACION,Moodys Local PE Clasificadora de Riesgo,A,A,,A,
Seguros,Pacífico Seguros,Apoyo y Asociados Internacionales,A+,A+,,A+,
Seguros,Pacífico Seguros,Moodys Local PE Clasificadora de Riesgo,A+,A+,,A+,
Seguros,Protecta,Moodys Local PE Clasificadora de Riesgo,A,A,,A,
Seguros,Protecta,PCR (Pacific Credit Rating),A,A,,A,
Seguros,Quálitas,Moodys Local PE Clasificadora de Riesgo,A-,A-,,A-,
Seguros,Quálitas,PCR (Pacific Credit Rating),A-,A-,,A-,
Seguros,Rímac Seguros,Apoyo y Asociados Internacionales,A+,A+,,A+,
Seguros,Rímac Seguros,Moodys Local PE Clasificadora de Riesgo,A+,A+,,A+,
Cooperativa de Ahorro y Crédito - Nivel 3,SAN CRISTOBAL HUAM,PCR (Pacific Credit Rating),,C+,,C+,
Cooperativa de Ahorro y Crédito - Nivel 2 B,SAN ISIDRO,JCR Latino America,,C+,,C+,
Cooperativa de Ahorro y Crédito - Nivel 3,SAN MARTIN DE PORRES,JCR Latino America,,B,,B,
Cooperativa de Ahorro y Crédito - Nivel 2 A,SAN MIGUEL LTDA,JCR Latino America,,C,,C,
Banco,SANTANDER PERU,Apoyo y Asociados Internacionales,A+,A+,,A+,
Banco,SANTANDER PERU,Moodys Local PE Clasificadora de Riesgo,A+,A+,,A+,
Banco,SCOTIABANK PERU,Apoyo y Asociados Internacionales,A+,A+,,A+,
Banco,SCOTIABANK PERU,Moodys Local PE Clasificadora de Riesgo,A+,A+,,A+,
Cooperativa de Ahorro y Crédito - Nivel 3,SN CRISTO DE BAGAZÁN,JCR Latino America,,B,,B,
Cooperativa de Ahorro y Crédito - Nivel 2 A,STA ISABEL PERUNORTE,Microrate,,C,,C,
Cooperativa de Ahorro y Crédito - Nivel 3,STA MA MAGDALENA,JCR Latino America,,C+,,C+,
Empresa de Créditos,TOTAL SERVICIOS,PCR (Pacific Credit Rating),A-,A-,,A-,
Seguros,Vivir Seguros,JCR Latino America,A-,A-,,A-,
Seguros,Vivir Seguros,Moodys Local PE Clasificadora de Riesgo,A-,A-,,A-,
